{"lon_min": 47.32664964342057, "lat_min": -19.085235414877005, "lon_max": 47.71172738601217, "lat_max": -18.718507947383635}