{"lon_min": -17.622302599973857, "lat_min": 14.554390482365346, "lon_max": -17.245302336808678, "lat_max": 14.921513009377726}