{"lon_min": -0.2410007696155936, "lat_min": 16.096550501672304, "lon_max": 0.1385217444272839, "lat_max": 16.463385489809678}