{"lon_min": 7.4102513815994095, "lat_min": 12.809920460132496, "lon_max": 7.781418141432432, "lat_max": 13.173965200957651}