{"lon_min": 36.66805630176494, "lat_min": -1.4629121531093248, "lon_max": 37.0278980107628, "lat_max": -1.1009076088958558}