{"lon_min": 16.87504781578127, "lat_min": -22.74401954896665, "lon_max": 17.26947143523119, "lat_max": -22.377769045191727}