{"lon_min": 33.28744034946148, "lat_min": -19.296329341020616, "lon_max": 33.66898087639596, "lat_max": -18.93343448535134}