{"lon_min": 27.890330821776182, "lat_min": -26.373788403943998, "lon_max": 28.294094564269763, "lat_max": -26.009513957314425}