{"lon_min": 32.405200730558256, "lat_min": 0.13380581205056746, "lon_max": 32.76497499946785, "lat_max": 0.49601464368210973}