{"lon_min": -16.684448775025864, "lat_min": 15.836614935881624, "lon_max": -16.307934950102727, "lat_max": 16.20099205142995}